[
  {
    "name" : "Lost Tech",
    "cost": 1,
    "uniques": ["Can only be built [in capital]","<if [Tech Basis] is constructed> Only available",
    "Free Technology","Provides [1] [Authority]","Cannot be purchased","Consumes [1] [Authority]",
    "<in cities without a [Tech Basis]> [+32767 Food, +32767 Production, +32767 Science, +128 Gold, +128 Happiness, +1024 Culture, +1024 Faith]"],
    "maintenance": 0,
    "civilopediaText": [
      {"text": "当Tech Basis建成后拆除以获取高额产出"}
      ]
  },
  {
    "name": "Tech Basis",
    "cost": 1,
    "hurryCostModifier": 1,
    "uniques": ["Can only be built [in capital]","Provides [1] [Authority]"],
    "maintenance": 0,
    "civilopediaText": [
      {"text": "建成后拆除Tech Basis，允许建造地块改良设施Authority Stoler"}
      ]
  }
]